Year;Period;RealGDP;real_0411_general;real_0470_other;real_0830_media;IsWar;Quarter
2018;2018-1; 1 031 384 040 275 ;654343269,8;1174510628;408566746,4;0;1
2018;2018-2; 1 209 744 623 633 ;897393864,4;376311467;437895484,9;0;2
2018;2018-3; 1 473 553 655 993 ;926507268,7;3654925227;482733530,6;0;3
2018;2018-4; 1 614 610 243 102 ;1488468080;6871687152;921514427,3;0;4
2019;2019-1; 1 057 168 641 282 ;636948375,3;145507615,5;395152100,3;0;1
2019;2019-2; 1 265 392 876 320 ;967061325,6;570804036,8;557653319,1;0;2
2019;2019-3; 1 533 969 355 888 ;918194740,7;1965844608;500799835,9;0;3
2019;2019-4; 1 638 829 396 748 ;1333991956;8667895022;812896210;0;4
2020;2020-1; 1 044 482 617 587 ;710045427;237010052,3;427809345,2;0;1
2020;2020-2; 1 123 668 874 172 ;916212646,1;1090586851;833851816,3;0;2
2020;2020-3; 1 480 280 428 432 ;962690194,6;2891747627;762216846,9;0;3
2020;2020-4; 1 630 635 249 764 ;1263837408;3355084985;896079981,2;0;4
2021;2021-1; 1 021 504 000 000 ;595265556,2;192150486,2;428603703,2;0;1
2021;2021-2; 1 187 718 000 000 ;768628717;1176279133;582654600,3;0;2
2021;2021-3; 1 520 248 000 000 ;876883775,8;1698987662;717957132,3;0;3
2021;2021-4; 1 730 104 000 000 ;1114660435;3532618696;1742427589;0;4
2022;2022-1; 867 256 896 000 ;493763626,6;297021221,6;387205077;0;1
2022;2022-2; 745 886 904 000 ;381355013,1;229236820,6;413846678;1;2
2022;2022-3; 1 052 011 616 000 ;603879546,2;317185975,9;479052693,9;1;3
2022;2022-4; 1 186 851 344 000 ;723685317,8;1378196818;779961503,6;1;4
2023;2023-1; 777 929 435 712 ;302859452,2;321655513,8;319446097,8;1;1
2023;2023-2; 889 097 189 568 ;429884626,7;869296965,9;562781713,5;1;2
2023;2023-3; 1 153 004 731 136 ;518829135,3;460030530,7;668478874;1;3
2023;2023-4; 1 242 633 357 168 ;651794852,6;872270351,3;870431350,2;1;4
2024;2024-1; 830 828 637 340 ;379688919,1;262023591,2;324743380,6;1;1
2024;2024-2; 924 661 077 151 ;491740104,1;441494621,8;505906515,3;1;2
2024;2024-3; 1 178 370 835 221 ;597693328,3;928258220,4;633285515;1;3
2024;2024-4; 1 241 390 723 811 ;835331892,9;1068113675;742708016,8;1;4
2025;2025-1; 837 475 266 439 ;377139820,9;222142247,1;359301979,5;1;1
2025;2025-2; 931 133 704 691 ;463801570,9;1148116565;474140439,3;1;2
2025;2025-3; 1 203 116 622 761 ;528717539,1;2459256488;550825970,8;1;3
2025;2025-4; 1 278 632 445 525 ;651010110,7;2157494374;751751372,5;1;4